Book Id,Title,Author,Author l-f,Additional Authors,ISBN,ISBN13,My Rating,Average Rating,Publisher,Binding,Number of Pages,Year Published,Original Publication Year,Date Read,Date Added,Bookshelves,Bookshelves with positions,Exclusive Shelf,My Review,Spoiler,Private Notes,Read Count,Owned Copies
37549506,Sapiens: Lược sử loài người,Yuval Noah Harari,"Harari, Yuval Noah","Nguyễn Thuỷ Chung, Võ Minh Tuấn","=""6049436002""","=""9786049436000""",0,4.34,Alphabooks & NXB Tri Thức,Paperback,548,2017,2011,2021/01/01,2019/10/22,history,history (#2),read,,,,1,0
49098237,Written in Bone: Hidden Stories in What We Leave Behind,Sue Black,"Black, Sue",,"=""0857526901""","=""9780857526908""",0,4.30,Doubleday,Hardcover,368,2020,2020,,2025/09/18,to-read,to-read (#22),to-read,,,,0,0
35212990,All That Remains: A Life in Death,Sue Black,"Black, Sue",,"=""0857524925""","=""9780857524928""",5,4.16,Doubleday,Hardcover,368,2018,2018,2025/09/19,2025/09/18,,,read,"Cái chết không còn đáng sợ qua lời miêu tả của cô Sue Black. Mình chưa 30 tuổi, hãy vẫn còn trẻ nhưng mình muốn chuẩn bị sẵn sàng cho sự ra đi của bản thân, chắc ai cũng nên như vậy. Đó là việc mà mình sẽ lưu tâm sau khi bắt đầu đọc hơn nữa quyển sách này. Mặc dù lý do mình bắt đầu đọc là vì tò mò về những ca khám nghiệm tử thi và những câu chuyện ly kỳ xung quanh. Đọc rồi mới thấy, thật ra khi nói sợ cái chết, có lẽ chúng ta sẽ nghĩ đến những nỗi sợ thể chất như sợ đau, sợ sự dày vò thân thể, đây là nỗi sợ bản năng mà khi nó xảy ra, chúng ta ít có hành động đối phó được, hoạ chăng là tiêm morphine để giảm đau. Nỗi đau về tinh thần mới là thứ chúng ta có thể chủ động, dang tay ra sắp xếp. Vậy nên ráng sống trọn vẹn để bản thân không hối tiếc, trao đi yêu thương để không phải day dứt khi ra đi. Sống sao để mỗi ngày sống thêm là một phần thưởng chứ không phải là gần cái chết thêm một ngày. Không nhất thiết phải sống lâu, hãy sống đủ.",,,1,0
213034913,Source Code: My Beginnings,Bill  Gates,"Gates, Bill",,"=""059380158X""","=""9780593801581""",0,4.16,Knopf,Hardcover,336,2025,2025,,2025/02/08,currently-reading,currently-reading (#15),currently-reading,,,,1,0
55333754,Những Quy Luật Của Bản Chất Con Người,Robert Greene,"Greene, Robert","Nguyễn Thành Nhân, Nguyễn Thanh Liêm","=""6041166928""","=""9786041166929""",0,4.42,NXB Trẻ,Paperback,884,2020,,,2024/09/24,currently-reading,currently-reading (#14),currently-reading,,,,1,0
30526623,Lời hứa về một cây bút chì,Adam Braun,"Braun, Adam",Hải Đăng,"=""""","=""""",0,4.12,NXB Thế giới & Alphabooks,Paperback,364,2016,2014,,2024/09/23,currently-reading,currently-reading (#13),currently-reading,,,,1,0
17618832,Tháng Ba gãy súng,Cao Xuân Huy,"Huy, Cao Xuân",,"=""""","=""""",5,3.45,,Unknown Binding,,2012,2012,2024/09/22,2024/09/22,history,history (#10),read,"Hồi ký về khoảng thời gian tầm một tháng trước giải phóng miền Nam, vỏn vẹn 12 ngày, của một lính Thuỷ Quân Lục Chiến (TQLC) thuộc chế độ Việt Nam Cộng Hoà (VNCH). <br/><br/>Mình luôn có một sự tò mò về góc nhìn của người lính VNCH đối với quân giải phóng. Rốt cuộc thì họ vẫn là những người lính, chiến đấu cho phe mà họ thuộc về, hi sinh như những con cờ của chế độ. <br/><br/>Hồi ký này viết theo kiểu thô ráp, từ ngữ không trau chuốt văn chương, vì vậy nó có vẻ thật hơn. Sự kiện rút quân khỏi Huế được kể lại thật sự có những chi tiết kinh hoàng, máu lạnh, mình phải đọc đi đọc lại cho kỹ, phải tra google xem ảnh các loại súng, phương tiện được nhắc đến để hình dung bức tranh nó đẫm máu ra sao. Bên lề một chút, sau sự kiện này, dư luận miền Nam trách móc lữ đoàn VNCH yếu kém để thiệt hại nặng nề, hồi ký này cũng mô tả rõ nguyên nhân vì sao, như một lời minh oan, lấy lại danh dự cho lính TQLC. Thông tin này mình xem ở website tqlcvn.org.<br/><br/>Sau cuộc chiến, những người lính sống sót qua trại cải tạo đều tìm đường qua bên kia đại dương. Nỗi đau thua cuộc, xa quê hương, mất người thân, đồng đội, có phải ai cũng đồng cảm được?",,,1,0
13507222,Gỗ Mun,Ryszard Kapuściński,"Kapuściński, Ryszard",Nguyễn Thái Linh,"=""""","=""""",0,4.39,"Thế Giới, Nhã Nam",Unknown Binding,469,2011,1998,,2024/03/30,"currently-reading, geography","currently-reading (#12), geography (#1)",currently-reading,,,,1,0
60838950,Chip War: The Fight for the World's Most Critical Technology,Chris   Miller,"Miller, Chris",,"=""1982172029""","=""9781982172022""",0,4.41,Scribner,Kindle Edition,463,2022,2022,,2023/03/05,currently-reading,currently-reading (#11),currently-reading,,,,1,0
60843565,The Diary of a Young Girl,Anne Frank,"Frank, Anne",,"=""9355842740""","=""9789355842749""",0,4.20,True Sign Publishing House,Kindle Edition,435,2022,1947,,2023/02/01,currently-reading,currently-reading (#10),currently-reading,,,,1,0
36271893,The Lost World,Arthur Conan Doyle,"Doyle, Arthur Conan",,"=""""","=""""",0,3.93,AmazonClassics,Kindle Edition,137,2017,1912,,2022/11/17,currently-reading,currently-reading (#9),currently-reading,,,,1,0
18895254,"Anatomy for Runners: Unlocking Your Athletic Potential for Health, Speed, and Injury Prevention",Jay Dicharry,"Dicharry, Jay",,"=""""","=""""",0,4.22,Skyhorse,Kindle Edition,322,2012,,,2022/11/16,currently-reading,currently-reading (#8),currently-reading,,,,1,0
37557642,Running Your First Marathon: The Complete 20-Week Marathon Training Plan,Andrew Kastor,"Kastor, Andrew",,"=""1939754313""","=""9781939754318""",0,4.13,Rockridge Press,Kindle Edition,152,2017,,,2022/10/30,"currently-reading, sport","currently-reading (#7), sport (#1)",currently-reading,,,,1,0
50908574,"Thiên Tài Bên Trái, Kẻ Điên Bên Phải",Cao Minh,"Minh, Cao",,"=""""","=""""",0,4.01,NXB Thế Giới,Paperback,424,2019,2010,2022/10/30,2022/10/30,mental-health,mental-health (#2),read,,,,1,0
18967497,"Knots, Splices and Rope Work (Illustrated)",A. Hyatt Verrill,"Verrill, A. Hyatt",Stacey Dennehy,"=""""","=""""",0,3.67,ICU Publishing,Kindle Edition,28,2013,1944,,2022/10/12,currently-reading,currently-reading (#6),currently-reading,,,,1,0
55808268,Thợ xăm ở Auschwitz,Heather   Morris,"Morris, Heather",Lan Huế,"=""""","=""""",5,4.32,NXB Văn học & Nhã Nam,Paperback,384,2020,2018,2022/10/12,2022/10/12,history,history (#9),read,"Lâu lắm rồi mới có một quyển sách khiến mình đọc liền tù tì từ đầu đến cuối trong một đêm như thế này.<br/><br/>Có những người sinh ra đã là của nhau, dù cho thời cuộc biến động, dù cho thế giới đổi thay, dù cho có lúc số phận như vuột khỏi tay mình, dù cho có khi niềm tin bị bóp nghẹt rồi vụt tan thành tro bụi, thì rồi họ vẫn sẽ tìm thấy nhau.<br/><br/>Vì họ sinh ra đã là của nhau.",,,1,1
22589906,Freediving Manual: Learn How to Freedive 100 Feet on a Single Breath (Spearfishing and Freediving Book 2),Mike McGuire,"McGuire, Mike",,"=""""","=""""",5,3.60,,Kindle Edition,104,2014,2014,2022/09/10,2022/09/02,,,read,,,,1,0
29589171,Scuba Fundamental: Start Diving the Right Way (The Scuba Series Book 1),Simon Pridmore,"Pridmore, Simon",,"=""""","=""""",5,4.37,Sandsmedia Publishing,Kindle Edition,200,2016,,2022/08/28,2022/08/14,,,read,,,,1,0
39924789,Rich Dad Poor Dad: What the Rich Teach Their Kids About Money That the Poor and Middle Class Do Not!,Robert T. Kiyosaki,"Kiyosaki, Robert T.",,"=""161268016X""","=""9781612680163""",0,4.10,Plata Publishing,Kindle Edition,336,2017,1997,,2022/01/22,currently-reading,currently-reading (#5),currently-reading,,,,1,0
16464990,"Bên Thắng Cuộc - Giải Phóng (Bên Thắng Cuộc, #1)",Huy Đức,"Đức, Huy",,"=""1467557900""","=""9781467557900""",5,4.11,"CreateSpace Independent Publishing Platform; 1st edition (May 29, 2013)",Paperback,432,2012,2012,2022/01/18,2022/01/02,,,read,,,,1,0
40961427,1984,George Orwell,"Orwell, George",,"=""""","=""""",0,4.20,Houghton Mifflin Harcourt,ebook,298,2013,1949,,2021/12/29,currently-reading,currently-reading (#4),currently-reading,,,,1,0
29228505,The Black Death: A History From Beginning to End (Pandemic History),Henry Freeman,"Freeman, Henry",Hourly History,"=""""","=""""",0,3.86,Hourly History,Kindle Edition,42,2016,2016,,2021/11/23,unfinished-books,unfinished-books (#6),unfinished-books,,,,0,0
12009048,Kafka bên bờ biển,Haruki Murakami,"Murakami, Haruki",Dương Tường,"=""6043237091""","=""9786043237092""",0,4.12,Nhã Nam & NXB Văn học,Paperback,540,2012,2002,2021/12/28,2021/12/07,,,read,,,,1,0
35842289,Trại Súc Vật,George Orwell,"Orwell, George",Phạm Nguyên Trường,"=""""","=""""",5,4.01,,Kindle Edition,89,2017,1945,,2021/12/08,,,read,,,,1,0
23276781,Cà Phê Cùng Tony,Tony Buổi Sáng,"Sáng, Tony Buổi",,"=""""","=""""",0,4.15,NXB Văn hóa thông tin,Paperback,250,2014,2014,2021/05/22,2021/12/10,self-help,self-help (#6),read,,,,1,0
21474711,Con đường Hồi giáo,Nguyễn Phương Mai,"Mai, Nguyễn Phương",,"=""""","=""""",0,4.40,Nhã Nam - NXB Hội Nhà Văn,Paperback,304,2014,2014,2020/11/26,2021/12/10,history,history (#8),read,,,,1,0
12134351,Rừng Na Uy,Haruki Murakami,"Murakami, Haruki",Trịnh Lữ,"=""""","=""""",5,3.99,Nhã Nam & NXB Hội Nhà Văn,Paperback,556,2006,1987,2021/12/01,2021/12/05,classic,classic (#6),read,"Đây là quyển Murakami thứ 2 mà mình đọc, sau 1Q84. Và cũng vì mình đọc sau quyển 1Q84 nên những chương đầu của Rừng Na Uy đối với mình có một chút lỏng bỏng, nội dung không trôi vào đầu mình được. Mình đã cố gắng để đọc đến nửa quyển và phải dừng lại, nhưng rồi mọi thứ bắt đầu trở nên cuồn cuộn và mạnh mẽ hơn khi mình đọc lại sau vài tuần tạm nghỉ.<br/>Dẫn dắt chúng ta trong quyển Rừng Na Uy này là Tōru, cậu đưa chúng ta đi qua những biến cố đã đè nén, ép chặt tâm hồn cậu. Dù đôi lần suýt bị những đợt sóng ngầm cuốn trôi, cậu vẫn luôn vững vàng và kiên nhẫn, như một thợ lặn nín thở bám vào rặn san hô dưới đáy biển để phục kích đàn cá ngừ.<br/><br/><blockquote><br/>""What happens when people open their hearts?""<br/>""They get better.""<br/>- Haruki Murakami, Norwegian Wood<br/></blockquote><br/><br/>Khi chúng ta có thể mở lòng mình ra, lộn ngược nó, phơi bày những mảnh kí ức đã bị vùi sâu, những dòng suy nghĩ đã bị lấp kín, đó là khi chúng ta bắt đầu được chữa lành. Thế nhưng chỉ bản thân chúng ta mở lòng ra thì có đủ không? Nếu không có một người đủ kiên nhẫn để lắng nghe, đủ chân thành để chấp nhận và tin tưởng, liệu chúng ta có đủ sức mạnh để đón nhận những cơn gió biển thổi cả muối vào lòng mình? Thậm chí khi đã quyết định mở lòng, liệu bản thân chúng ta có đủ mạnh mẽ để tự mình vượt qua những mất mát, khổ đau? Gì thì gì, mọi thứ sẽ vẫn là con số không nếu chúng ta cứ lo sợ mà không bắt đầu, nhỉ.<br/>Hạnh phúc của chúng ta, của những người yêu thương ta, của những người ta yêu thương, ngay lúc này, mới chính là điều quan trọng.",,,1,0
56248441,Cây cam ngọt của tôi,José Mauro de Vasconcelos,"Vasconcelos, José Mauro de","Nguyễn Bích Lan, Tô Yến Ly","=""6043068125""","=""9786043068122""",0,4.38,Nhã Nam & NXB Hội nhà văn ,Paperback,240,2020,1968,,2021/12/03,currently-reading,currently-reading (#3),currently-reading,,,,1,0
58784347,Lịch sử tôn giáo Nhật Bản,Sueki Fumihiko ; Phạm Thu Giang dịch ; Phạm Hồng Thái hiệu đính,"đính, Sueki Fumihiko ; Phạm Thu Giang dịch ; Phạm Hồng Thái hiệu",,"=""""","=""""",3,3.00,NXB Thế giới,Unknown Binding,,2011,,2021/01/01,2021/12/03,,,read,,,,1,0
13394027,Ngược Chiều Vun Vút,Joe Ruelle,"Ruelle, Joe",,"=""""","=""""",4,3.69,"Nhã Nam, Hội Nhà Văn",Paperback,289,2011,2011,2021/11/28,2021/11/22,,,read,"Mình đánh giá cao sự am hiểu của Joe về ngôn ngữ cũng như văn hoá Việt Nam, chắc sẽ không tìm được nhiều ông/bà Tây dám ""ngược chiều"" như Joe. Mục đích của mình khi quyết định đọc quyển này là để thấy được góc nhìn của một ông Tây đối với Việt Nam, và dù chưa được nghe giọng Việt của Joe, mình khá tin là giọng của chú sẽ là giọng Bắc.<br/>Những mẩu chuyện về văn hoá Việt cũng như người Việt trong quyển sách này thật ra không quá lạ, dù những lúc mình phải lật nhanh đến tập khác để tua qua một màn hài hước quá đỗi gượng gạo và lê thê, trình bày với các ẩn dụ khó hiểu. Tuy nhiên, mình thật sự tập trung hơn vào những mẩu chuyện về ngôn ngữ giữa tiếng Anh và tiếng Việt. Nếu bạn có quan tâm đến chủ đề này, có thể bạn sẽ có được vài highlight đáng giá.",,,1,0
929,Memoirs of a Geisha,Arthur Golden,"Golden, Arthur",,"=""1400096898""","=""9781400096893""",0,4.16,Vintage Books USA,Mass Market Paperback,503,2005,1997,,2021/11/23,to-read,to-read (#21),to-read,,,,0,0
33978709,"Thiện, ác và Smart phone",Đặng Hoàng Giang,"Giang, Đặng Hoàng",,"=""6045378520""","=""9786045378526""",0,4.19,NXB Hội Nhà Văn,Paperback,307,2017,,2021/11/22,2021/11/16,,,read,,,,1,0
39866497,Eloquent JavaScript: A Modern Introduction to Programming,Marijn Haverbeke,"Haverbeke, Marijn",,"=""1593279515""","=""9781593279516""",0,4.14,No Starch Press,Kindle Edition,474,2018,2010,,2021/05/15,unfinished-books,unfinished-books (#5),unfinished-books,,,,0,0
31170723,Behave: The Biology of Humans at Our Best and Worst,Robert M. Sapolsky,"Sapolsky, Robert M.",,"=""1594205078""","=""9781594205071""",0,4.38,Penguin Press,Hardcover,790,2017,2017,,2021/11/17,to-read,to-read (#20),to-read,,,,0,0
43419431,Dune (Dune #1),Frank Herbert,"Herbert, Frank",,"=""""","=""""",0,4.29,Ace,Kindle Edition,883,2018,1965,,2021/10/30,currently-reading,currently-reading (#2),currently-reading,,,,1,0
1,"Harry Potter and the Half-Blood Prince (Harry Potter, #6)",J.K. Rowling,"Rowling, J.K.",,"=""""","=""""",0,4.58,Scholastic Inc,Paperback,652,2006,2005,,2021/09/25,currently-reading,currently-reading (#1),currently-reading,,,,1,0
35101834,Hue 1968: A Turning Point of the American War in Vietnam,Mark Bowden,"Bowden, Mark",,"=""0802189245""","=""9780802189240""",0,4.34,Atlantic Monthly Press,Kindle Edition,774,2023,2017,,2021/10/15,to-read,to-read (#19),to-read,,,,0,0
48560964,Sống Như Bạn Đang Ở Sân Bay,Cúc T.,"T., Cúc",,"=""6045895827""","=""9786045895825""",0,3.00,Nhà xuất bản Tổng Hợp Thành phố Hồ Chí Minh,Paperback,195,2019,2019,,2019/10/22,unfinished-books,unfinished-books (#4),unfinished-books,,,,1,0
48610151,Đi thật xa trên một chiếc camper,Khải Đơn,"Đơn, Khải",,"=""""","=""""",0,3.56,NXB Phụ Nữ,Paperback,272,2019,2019,,2020/02/23,unfinished-books,unfinished-books (#3),unfinished-books,,,,0,0
2,"Harry Potter and the Order of the Phoenix (Harry Potter, #5)",J.K. Rowling,"Rowling, J.K.",Mary GrandPré,"=""0439686520""","=""9780439686525""",4,4.50,Scholastic Inc.,Paperback,870,2004,2003,2021/10/24,2021/09/25,classic,classic (#5),read,,,,1,0
45321863,Mô Hình Xoắn Động,Vũ Phi Yên,"Yên, Vũ Phi",,"=""""","=""""",0,4.18,NXB Trẻ,Unknown Binding,,2019,,,2021/01/27,"mental-health, unfinished-books","mental-health (#1), unfinished-books (#2)",unfinished-books,,,,0,0
39285026,"Để Yên Cho Bác Sĩ ""Hiền""",Ngô Đức Hùng,"Hùng, Ngô Đức",,"=""604774303X""","=""9786047743032""",0,3.91,Nxb. Thế Giới & Nhã Nam,Paperback,244,2018,,2021/07/10,2021/09/25,bio,bio (#1),read,"Nghe các chị trong công ty nói với nhau về một bác sĩ chuyên trị những trend ""heo-thì"" lệch lạc trên facebook đã khơi sự tò mò của mình.<br/>Giọng văn của bác sĩ trẻ trung, dí dỏm và đời thường. Chúng ta ai cũng biết để ghi được tên vào trường Y thì đó mới chỉ là khởi đầu của một chặng đường vùi đầu vào sách vở, nhưng chẳng mấy khi biết được một người trong cuộc nghĩ gì.",,,1,0
34760396,Cửa hiệu tự sát,Jean Teulé,"Teulé, Jean",Phạm Duy Thiện,"=""6045383095""","=""9786045383094""",2,3.46,Tao Đàn & Nxb. Hội Nhà Văn,Paperback,200,2017,2007,2021/08/01,2021/09/25,,,read,"Đọc vì cái tựa sách khá khiêu khích, nhưng đáng tiếc nội dung bên trong lại quá nhạt nhoà. Nhịp truyện cứ trôi theo từng trang sách rồi trôi luôn ra khỏi trí nhớ của mình.",,,1,0
136251,"Harry Potter and the Deathly Hallows (Harry Potter, #7)",J.K. Rowling,"Rowling, J.K.",,"=""""","=""""",0,4.62,Arthur A. Levine Books,Hardcover,759,2007,2007,,2021/09/25,to-read,to-read (#18),to-read,,,,0,0
12084396,"Harry Potter Và Chiếc Cốc Lửa (Harry Potter, #4)",J.K. Rowling,"Rowling, J.K.",Lý Lan,"=""""","=""8934974118008""",0,4.57,NXB Trẻ,Paperback,850,2001,2000,2021/09/25,2021/09/25,classic,classic (#4),read,,,,1,0
13407973,"Harry Potter Và Tên Tù Nhân Ngục Azkaban (Harry Potter, #3)",J.K. Rowling,"Rowling, J.K.",Lý Lan,"=""""","=""8934974117995""",0,4.58,NXB Trẻ,Paperback,602,2010,1999,2021/09/06,2021/09/25,classic,classic (#3),read,,,,1,0
12084434,"Harry Potter và phòng chứa bí mật (Harry Potter, #2)",J.K. Rowling,"Rowling, J.K.",Lý Lan,"=""""","=""8934974100232""",0,4.43,NXB Trẻ,Paperback,406,2005,1998,2021/08/31,2021/09/25,classic,classic (#2),read,,,,1,0
58756170,Truyện ngắn Lý Lan,Lý Lan,"Lan, Lý",,"=""""","=""""",0,0.0,,Paperback,,,,,2021/09/25,to-read,to-read (#17),to-read,,,,0,0
11019770,"Harry Potter và hòn đá phù thủy  (Harry Potter, #1)",J.K. Rowling,"Rowling, J.K.",Lý Lan,"=""""","=""""",5,4.47,NXB Trẻ,Paperback,344,2003,1997,2021/08/25,2021/09/25,classic,classic (#1),read,,,,1,0
111113,Interaction of Color,Josef Albers,"Albers, Josef",Nicholas Fox Weber,"=""0300115954""","=""9780300115956""",0,3.93,Yale University Press,Paperback,160,2006,1971,,2021/08/18,to-read,to-read (#16),to-read,,,,0,0
10357575,"1Q84 (1Q84, #1-3)",Haruki Murakami,"Murakami, Haruki","Jay Rubin, Philip Gabriel","=""0307593312""","=""9780307593313""",0,3.95,Knopf,Hardcover,944,2011,2009,2021/07/26,2021/07/01,,,read,,,,1,0
41740585,"Learn Three.js: Programming 3D animations and visualizations for the web with HTML5 and WebGL, 3rd Edition",Jos Dirksen,"Dirksen, Jos",,"=""1788835972""","=""9781788835978""",0,3.83,Packt Publishing,Kindle Edition,764,2018,,,2020/12/25,to-read,to-read (#15),to-read,,,,0,0
12617037,Hoàng Tử Bé,Antoine de Saint-Exupéry,"Saint-Exupéry, Antoine de",Trác Phong,"=""""","=""""",0,4.33,Nhã Nam & NXB Hội nhà văn,Paperback,104,2013,1943,,2020/12/17,,,read,,,,1,0
36104996,"Own the Day, Own Your Life: Optimized Practices for Waking, Working, Learning, Eating, Training, Playing, Sleeping, and Sex",Aubrey Marcus,"Marcus, Aubrey",,"=""0062684094""","=""9780062684097""",0,3.93,Harper,Kindle Edition,437,2018,2018,,2020/06/18,to-read,to-read (#14),to-read,,,,0,0
11870085,The Fault in Our Stars,John Green,"Green, John",,"=""""","=""""",0,4.12,Dutton Books,Hardcover,313,2012,2012,,2020/05/14,to-read,to-read (#13),to-read,,,,0,0
25541028,"Elon Musk: Tesla, SpaceX, and the Quest for a Fantastic Future",Ashlee Vance,"Vance, Ashlee",,"=""0062301233""","=""9780062301239""",0,4.13,Ecco,Hardcover,392,2015,2015,,2020/05/14,to-read,to-read (#12),to-read,,,,0,0
18176747,The Hard Thing About Hard Things: Building a Business When There Are No Easy Answers―Straight Talk on the Challenges of Entrepreneurship,Ben Horowitz,"Horowitz, Ben",,"=""0062273205""","=""9780062273208""",0,4.20,Harper Business,Hardcover,304,2014,2014,,2020/05/14,to-read,to-read (#11),to-read,,,,0,0
10127019,The Lean Startup,Eric Ries,"Ries, Eric",,"=""0307887898""","=""9780307887894""",0,4.11,Best Business,Hardcover,299,2011,2011,,2020/05/14,to-read,to-read (#10),to-read,,,,0,0
53121761,21 bài học cho thế kỉ 21,Yuval Noah Harari,"Harari, Yuval Noah",Dương Ngọc Trà,"=""6047774172""","=""9786047774173""",0,4.16,Nhã Nam & NXB Thế Giới,Paperback,426,2019,2018,,2019/10/23,"to-read, history","to-read (#9), history (#7)",to-read,,,,0,0
38221046,Dám Bị Ghét,Ichiro Kishimi,"Kishimi, Ichiro","Fumitake Koga, Nguyễn Thanh Vân","=""6045989635""","=""9786045989630""",0,3.93,Nxb. Lao Động & Nhã Nam,Paperback,336,2018,2013,,2019/10/22,"to-read, self-help","to-read (#4), self-help (#2)",to-read,,,,0,0
25277490,Nhật Bản Duy Tân 30 Năm,Đào Trinh Nhất,"Nhất, Đào Trinh",,"=""6047711758""","=""9786047711758""",4,3.99,Nxb Thế giới & Alphabooks,Paperback,412,2015,1936,2016/12/14,2019/10/23,history,history (#6),read,"Đọc quyển sách này, bạn sẽ thấy tác giả không chỉ viết về những sự kiện diễn ra trong 30 năm Minh Trị duy tân (1866-1899), mà còn về nước Nhật từ thuở sơ khai mới dựng nước. Từ gốc gác dân tộc, vị trí địa lý đến cái tinh thần, trách nhiệm của dân đối với đất nước đã đưa Nhật Bản từ một nước phong kiến lên ngang hàng với các nước phương Tây chỉ trong vỏn vẹn nửa đời người. Điều mà chúng ta đã được hỏi mỗi ngày từ lớp 1 đến bây giờ câu trả lời vẫn là “thưa Bác, vẫn chưa!”. <br/>Dân tộc Nhật Bản đã sẵn cái tính vì nước quên thân, phải giữ thân thể cũng như danh dự luôn trong sạch, sẵn sàng gạt cái chưa tốt đã theo đuổi hàng trăm năm để học hỏi cái mới tốt đẹp hơn. Từ tầng lớp nông dân đến quan lại quyền cao chức trọng, khi nguy biến sắp đến, vận nước sắp nguy, đều nhất nhất đồng lòng cùng nhau thay đổi. <br/>Về cách trình bày nội dung quyển sách, tác giả Đào Trinh Nhất rất cẩn thận ghi đầy đủ tên gọi các địa danh, tên riêng của Nhật bằng từ Hán Việt lẫn Hán tự kế bên, giúp cho những ai đang học tiếng Nhật có thêm một lượng kiến thức bổ ích. Bên cạnh đó, biên tập viên còn ghi chú thêm Romaji của từ ngay bên cạnh. Tuy đôi chỗ còn chưa chính xác, thiếu trường âm nhưng vẫn giúp ích rất nhiều. Nguồn gốc chữ Hiragana, Katakana cũng được nhắc đến ở cuối quyển sách. Và với một chút hoài nghi, tò mò tự thân mình muốn tìm hiểu để rõ hơn về những mặt trái, những góc tối bên cạnh sự thay đổi thần kỳ này. Có lẽ sẽ được trả lời trong một quyển sách khác.",,,1,0
40606994,Tây Ban Nha – Hành Trình Không Ngôn Ngữ,Uyên Nguyên,"Nguyên, Uyên",,"=""""","=""""",0,2.70,NXB Thế giới,,,2018,,2019/10/22,2019/01/03,"unfinished-books, self-help","unfinished-books (#1), self-help (#5)",unfinished-books,,,,1,0
46142876,Tâm Lý Dân Tộc An Nam,Paul Giran,"Giran, Paul",,"=""""","=""""",4,3.43,,Unknown Binding,,2019,1904,2019/10/22,2019/10/22,history,history (#5),read,"Thật ngạc nhiên là dù đã được xuất bản lần đầu vào hơn một thế kỷ trước, nhưng mình nghĩ có một số quan điểm của tác giả vẫn đúng trong thời điểm hiện nay. Mình đã chuẩn bị sẵn tâm thế là sẽ có không ít sự đả kích trong quyển sách này, và thật như vậy. Là dân Sài Gòn, mình luôn được thấy những hình ảnh tân thời của một hòn ngọc viễn đông khi xưa, mà không mảy may nhận thức là tất cả sự hào nhoáng ở quá khứ đều nhờ người Pháp mang đến.<br/>Dù đã qua nghìn năm văn hiến, nhưng dân tộc ta vẫn bị cho là lạc hậu khi so sánh với các nước phương Tây. Vì chúng ta thật chất chỉ phát triển theo chiều ngang mà không có chiều sâu. Nghìn năm qua, bị ảnh hưởng bởi văn hóa Trung Hoa, giáo dục của chúng ta chỉ hướng về những cái đã được thế hệ trước đúc kết, nền giáo dục chỉ cho ra những lớp người uyên bác về quá khứ, mà không khơi gợi niềm khao khát sự mới mẻ.<br/>Đọc để có thêm một góc nhìn khác về dân tộc Việt Nam chỉ mới trăm năm trước.",,,1,0
22428233,Lời vàng của bố,Justin Halpern,"Halpern, Justin",Lê Khánh Toàn,"=""""","=""""",5,3.98,Alpha book,Paperback,228,2013,2010,2019/01/08,2019/10/22,self-help,self-help (#4),read,"Thô nhưng thật. Cuốn sách này thu hút mình ngay từ câu trích ở bìa sau. Nó mang lại cho mình cảm giác được bù lại những gì mình bị khuyết trong đời thật. Nó cho mình thấy những gì (có thể) xảy ra giữa một người cha và một thằng con trai, dù là ở một thế giới khác.",,,1,0
35966839,"Mình Là Cá, Việc Của Mình Là Bơi",Takeshi Furukawa,"Furukawa, Takeshi",Như Nữ,"=""6047735703""","=""9786047735709""",0,3.62,NXB Thế Giới - Skybooks,Paperback,280,2017,,,2019/10/22,"to-read, self-help","to-read (#8), self-help (#3)",to-read,,,,0,0
32804008,Bài học diệu kỳ từ chiếc xe rác,David J. Pollay,"Pollay, David J.",,"=""""","=""""",0,3.73,NXB Tổng Hợp TP.HCM,Paperback,112,,2010,,2019/10/22,"to-read, self-help","to-read (#3), self-help (#1)",to-read,,,,0,0
38310382,Sự minh định của địa lý,Robert D. Kaplan,"Kaplan, Robert D.",,"=""""","=""""",0,3.78,NXB Hội nhà văn ,Hardcover,476,2017,2012,,2019/10/22,"to-read, history","to-read (#1), history (#4)",to-read,,,,0,0
40813057,Thành Cát Tư Hãn Và Sự Hình Thành Thế Giới Hiện Đại,Jack Weatherford,"Weatherford, Jack",Vũ Phương Linh,"=""""","=""""",0,4.06,Omega plus & NXB Khoa Học Xã Hội,Hardcover,428,2018,2004,,2019/10/22,"to-read, history","to-read (#2), history (#3)",to-read,,,,0,0
40797076,Homo Deus: Lược sử tương lai,Yuval Noah Harari,"Harari, Yuval Noah",Dương Ngọc Trà,"=""6047774164""","=""9786047774166""",0,4.19,Nhã Nam & NXB Thế Giới,Paperback,512,2018,2015,,2019/10/22,"to-read, history","to-read (#6), history (#1)",to-read,,,,0,0
8520610,Quiet: The Power of Introverts in a World That Can't Stop Talking,Susan Cain,"Cain, Susan",,"=""0307352145""","=""9780307352149""",0,4.08,"Crown Publishing Group/Random House, Inc.",Hardcover,333,2012,2012,,2019/10/22,"to-read, english","to-read (#5), english (#2)",to-read,,,,0,0
30780006,The Things You Can See Only When You Slow Down: How to Be Calm in a Busy World,Haemin Sunim,"Sunim, Haemin","Chi-Young Kim, Youngcheol Lee","=""0143130773""","=""9780143130772""",0,4.03,Penguin Life,Hardcover,288,2017,2012,,2019/10/22,"to-read, english","to-read (#7), english (#1)",to-read,,,,0,0
